token,progress
kevin,155.4
stamp,115.21999999999998
pepe,1.4476190476190476
bobo,146.355517142034
shib,0.07142857142857142
gm,0.01904761904761905
wagmi,130.0
alpha,0.0
punks,0.14285714285714285
rare,0.04285714285714286
a,150.0
pizza,123.82258558558559
$btc,0.004761904761904762
pies,200.0
punk,0.24
play,0.01000900900900901
degen,0.0
boob,0.0
stmpp,0.004761904761904762
69420,0.0
